,name,link,min_salary,max_salary,currency,source_site
0,Data Scientist / Product Analyst (Продуктовый аналитик),https://hhcdn.ru/click?b=277487&place=35,,,,https://hh.ru
1,Data Scientist (команда Поиска),https://hh.ru/vacancy/46048820?from=vacancy_search_list&hhtmFrom=vacancy_search_list&query=data%20scientist,,,,https://hh.ru
2,Стажер Data Scientist,https://hh.ru/vacancy/51927518?from=vacancy_search_list&hhtmFrom=vacancy_search_list&query=data%20scientist,20000.0,40000.0,руб.,https://hh.ru
3,Data Scientist (Middle),https://hh.ru/vacancy/51421868?from=vacancy_search_list&hhtmFrom=vacancy_search_list&query=data%20scientist,200000.0,330000.0,руб.,https://hh.ru
4,Специалист Computer Vision (Middle Data Scientist),https://hh.ru/vacancy/51251326?from=vacancy_search_list&hhtmFrom=vacancy_search_list&query=data%20scientist,150000.0,250000.0,руб.,https://hh.ru
5,Data Scientist / Аналитик больших данных,https://hh.ru/vacancy/51952618?from=vacancy_search_list&hhtmFrom=vacancy_search_list&query=data%20scientist,100000.0,250000.0,руб.,https://hh.ru
6,Младший аналитик / Data scientist,https://hh.ru/vacancy/51346006?from=vacancy_search_list&hhtmFrom=vacancy_search_list&query=data%20scientist,,,,https://hh.ru
7,Стажер Data scientist,https://hh.ru/vacancy/52118395?from=vacancy_search_list&hhtmFrom=vacancy_search_list&query=data%20scientist,,35000.0,руб.,https://hh.ru
8,Аналитик данных / Data scientist,https://hh.ru/vacancy/49598346?from=vacancy_search_list&hhtmFrom=vacancy_search_list&query=data%20scientist,130000.0,180000.0,руб.,https://hh.ru
9,Middle Data Science,https://hh.ru/vacancy/51365940?from=vacancy_search_list&hhtmFrom=vacancy_search_list&query=data%20scientist,250000.0,300000.0,руб.,https://hh.ru
10,Senior / Lead Data Scientist (Recommender Systems),https://hh.ru/vacancy/51256964?from=vacancy_search_list&hhtmFrom=vacancy_search_list&query=data%20scientist,,450000.0,руб.,https://hh.ru
11,Data Scientist,https://hh.ru/vacancy/51045137?from=vacancy_search_list&hhtmFrom=vacancy_search_list&query=data%20scientist,1000.0,1500.0,EUR,https://hh.ru
12,Data Scientist,https://hh.ru/vacancy/52120886?from=vacancy_search_list&hhtmFrom=vacancy_search_list&query=data%20scientist,,250000.0,руб.,https://hh.ru
13,Data Scientist (middle or senior),https://hh.ru/vacancy/51330363?from=vacancy_search_list&hhtmFrom=vacancy_search_list&query=data%20scientist,,500000.0,руб.,https://hh.ru
14,Data Scientist,https://hh.ru/vacancy/50382739?from=vacancy_search_list&hhtmFrom=vacancy_search_list&query=data%20scientist,60000.0,200000.0,руб.,https://hh.ru
15,Data Scientist / Machine Learning Engineer,https://hh.ru/vacancy/51604518?from=vacancy_search_list&hhtmFrom=vacancy_search_list&query=data%20scientist,50000.0,,руб.,https://hh.ru
16,Data Scientist,https://hh.ru/vacancy/49423067?from=vacancy_search_list&hhtmFrom=vacancy_search_list&query=data%20scientist,,300000.0,руб.,https://hh.ru
17,Data scientist,https://hh.ru/vacancy/51710392?from=vacancy_search_list&hhtmFrom=vacancy_search_list&query=data%20scientist,300000.0,,руб.,https://hh.ru
18,Middle Data Scientist,https://hh.ru/vacancy/50490211?from=vacancy_search_list&hhtmFrom=vacancy_search_list&query=data%20scientist,1500.0,3000.0,USD,https://hh.ru
19,Data Scientist (Junior - Middle),https://hh.ru/vacancy/52045750?from=vacancy_search_list&hhtmFrom=vacancy_search_list&query=data%20scientist,,,,https://hh.ru
20,Data Scientist/Аналитик,https://hh.ru/vacancy/52086176?from=vacancy_search_list&hhtmFrom=vacancy_search_list&query=data%20scientist,,,,https://hh.ru
21,Data Scientist,https://hh.ru/vacancy/51955855?from=vacancy_search_list&hhtmFrom=vacancy_search_list&query=data%20scientist,,,,https://hh.ru
22,Data scientist,https://hh.ru/vacancy/52076731?from=vacancy_search_list&hhtmFrom=vacancy_search_list&query=data%20scientist,,,,https://hh.ru
23,Data Scientist в команду Navi,https://hh.ru/vacancy/51188178?from=vacancy_search_list&hhtmFrom=vacancy_search_list&query=data%20scientist,,,,https://hh.ru
24,Data Scientist,https://hh.ru/vacancy/52104924?from=vacancy_search_list&hhtmFrom=vacancy_search_list&query=data%20scientist,,,,https://hh.ru
25,Middle/Senior Machine Learning Engineer / Data Scientist,https://hh.ru/vacancy/51263130?from=vacancy_search_list&hhtmFrom=vacancy_search_list&query=data%20scientist,200000.0,,руб.,https://hh.ru
26,Data Scientist (математическое моделирование),https://hh.ru/vacancy/52043667?from=vacancy_search_list&hhtmFrom=vacancy_search_list&query=data%20scientist,,,,https://hh.ru
27,Data Scientist (международная IT компания),https://hh.ru/vacancy/52124576?from=vacancy_search_list&hhtmFrom=vacancy_search_list&query=data%20scientist,,,,https://hh.ru
28,Data Scientist в команду Navi,https://hh.ru/vacancy/51082649?from=vacancy_search_list&hhtmFrom=vacancy_search_list&query=data%20scientist,,,,https://hh.ru
29,Data Scientist в направление «Ценообразование»,https://hh.ru/vacancy/51649877?from=vacancy_search_list&hhtmFrom=vacancy_search_list&query=data%20scientist,,,,https://hh.ru
30,Data Scientist,https://hh.ru/vacancy/52081848?from=vacancy_search_list&hhtmFrom=vacancy_search_list&query=data%20scientist,80000.0,,руб.,https://hh.ru
31,Data Scientist в трайб Особенные решения,https://hh.ru/vacancy/52107184?from=vacancy_search_list&hhtmFrom=vacancy_search_list&query=data%20scientist,,,,https://hh.ru
32,Ведущий Data Scientist / RNA Lead,https://hh.ru/vacancy/46213657?from=vacancy_search_list&hhtmFrom=vacancy_search_list&query=data%20scientist,,380000.0,руб.,https://hh.ru
33,Data Scientist,https://hh.ru/vacancy/51774156?from=vacancy_search_list&hhtmFrom=vacancy_search_list&query=data%20scientist,1000.0,3000.0,USD,https://hh.ru
34,Data Scientist,https://hh.ru/vacancy/52047297?from=vacancy_search_list&hhtmFrom=vacancy_search_list&query=data%20scientist,,,,https://hh.ru
35,Data Scientist,https://hh.ru/vacancy/52070218?from=vacancy_search_list&hhtmFrom=vacancy_search_list&query=data%20scientist,,,,https://hh.ru
36,Data Scientist,https://hh.ru/vacancy/51774137?from=vacancy_search_list&hhtmFrom=vacancy_search_list&query=data%20scientist,1000.0,3000.0,USD,https://hh.ru
37,"Data Science Intern, BCG GAMMA",https://hh.ru/vacancy/52076293?from=vacancy_search_list&hhtmFrom=vacancy_search_list&query=data%20scientist,,,,https://hh.ru
38,Data engineer (удаленно),https://hh.ru/vacancy/48095633?from=vacancy_search_list&hhtmFrom=vacancy_search_list&query=data%20scientist,,,,https://hh.ru
39,Data Scientist (Middle),https://hh.ru/vacancy/50630870?from=vacancy_search_list&hhtmFrom=vacancy_search_list&query=data%20scientist,,,,https://hh.ru
40,Data Scientist / Machine Learning Engineer,https://hh.ru/vacancy/48484577?from=vacancy_search_list&hhtmFrom=vacancy_search_list&query=data%20scientist,,,,https://hh.ru
41,Senior Data Scientist,https://hh.ru/vacancy/52075170?from=vacancy_search_list&hhtmFrom=vacancy_search_list&query=data%20scientist,,,,https://hh.ru
42,Data Scientist / Аналитик Data Science,https://hh.ru/vacancy/48709110?from=vacancy_search_list&hhtmFrom=vacancy_search_list&query=data%20scientist,,,,https://hh.ru
43,Data Scientist,https://hh.ru/vacancy/52048902?from=vacancy_search_list&hhtmFrom=vacancy_search_list&query=data%20scientist,,,,https://hh.ru
44,Junior Product Manager/Data Analyst,https://hh.ru/vacancy/51982020?from=vacancy_search_list&hhtmFrom=vacancy_search_list&query=data%20scientist,,,,https://hh.ru
45,Analyst Data Scientist,https://hh.ru/vacancy/51989247?from=vacancy_search_list&hhtmFrom=vacancy_search_list&query=data%20scientist,,,,https://hh.ru
46,Data Scientist в команду Navi,https://hh.ru/vacancy/51082649?from=vacancy_search_list&hhtmFrom=vacancy_search_list&query=data%20scientist,,,,https://hh.ru
47,Data Scientist,https://hh.ru/vacancy/52030987?from=vacancy_search_list&hhtmFrom=vacancy_search_list&query=data%20scientist,,,,https://hh.ru
48,Data Scientist в команду Navi,https://hh.ru/vacancy/51188178?from=vacancy_search_list&hhtmFrom=vacancy_search_list&query=data%20scientist,,,,https://hh.ru
49,Data Scientist,https://hh.ru/vacancy/52047296?from=vacancy_search_list&hhtmFrom=vacancy_search_list&query=data%20scientist,,,,https://hh.ru
50,Data Scientist,https://hh.ru/vacancy/48090484?from=vacancy_search_list&hhtmFrom=vacancy_search_list&query=data%20scientist,,,,https://hh.ru
51,Data Scientist в направление «Ценообразование»,https://hh.ru/vacancy/51649877?from=vacancy_search_list&hhtmFrom=vacancy_search_list&query=data%20scientist,,,,https://hh.ru
52,Data scientist,https://hh.ru/vacancy/52006250?from=vacancy_search_list&hhtmFrom=vacancy_search_list&query=data%20scientist,,,,https://hh.ru
53,Data scientist (проект Юла),https://hh.ru/vacancy/48303711?from=vacancy_search_list&hhtmFrom=vacancy_search_list&query=data%20scientist,,,,https://hh.ru
54,Data Scientist (Computer Vision),https://hh.ru/vacancy/52029411?from=vacancy_search_list&hhtmFrom=vacancy_search_list&query=data%20scientist,,,,https://hh.ru
55,Senior Data Scientist,https://hh.ru/vacancy/51040763?from=vacancy_search_list&hhtmFrom=vacancy_search_list&query=data%20scientist,,,,https://hh.ru
56,Риск-Аналитик (Data scientist),https://hh.ru/vacancy/51710019?from=vacancy_search_list&hhtmFrom=vacancy_search_list&query=data%20scientist,,,,https://hh.ru
57,Data Analyst / Data scientist (Analytics Team),https://hh.ru/vacancy/52120622?from=vacancy_search_list&hhtmFrom=vacancy_search_list&query=data%20scientist,,,,https://hh.ru
58,Аналітик SQL\Python (Data Scientist),https://hh.ru/vacancy/51380494?from=vacancy_search_list&hhtmFrom=vacancy_search_list&query=data%20scientist,,,,https://hh.ru
59,Data engineer/ Инженер по данным,https://hh.ru/vacancy/50138376?from=vacancy_search_list&hhtmFrom=vacancy_search_list&query=data%20scientist,,,,https://hh.ru
60,"Python Software Engineer (Middle, Senior, Lead)",https://hh.ru/vacancy/52047342?from=vacancy_search_list&hhtmFrom=vacancy_search_list&query=data%20scientist,260000.0,500000.0,руб.,https://hh.ru
61,Data Scientist (Контентный анализ),https://hh.ru/vacancy/49722298?from=vacancy_search_list&hhtmFrom=vacancy_search_list&query=data%20scientist,,,,https://hh.ru
62,Senior Data Scientist/Machine Learning Engineer,https://hh.ru/vacancy/47709863?from=vacancy_search_list&hhtmFrom=vacancy_search_list&query=data%20scientist,,,,https://hh.ru
63,Data Scientist at Recommender System (remote/relocate),https://hh.ru/vacancy/50819678?from=vacancy_search_list&hhtmFrom=vacancy_search_list&query=data%20scientist,3500.0,,EUR,https://hh.ru
64,Data Scientist,https://hh.ru/vacancy/52046756?from=vacancy_search_list&hhtmFrom=vacancy_search_list&query=data%20scientist,,,,https://hh.ru
65,ML Engineer/ Data Scientist (WAF),https://hh.ru/vacancy/48285490?from=vacancy_search_list&hhtmFrom=vacancy_search_list&query=data%20scientist,,,,https://hh.ru
66,Data scientist (middle/senior),https://hh.ru/vacancy/51812421?from=vacancy_search_list&hhtmFrom=vacancy_search_list&query=data%20scientist,,,,https://hh.ru
67,Data Scientist (middle/senior),https://hh.ru/vacancy/52055303?from=vacancy_search_list&hhtmFrom=vacancy_search_list&query=data%20scientist,,,,https://hh.ru
68,Data Scientist,https://hh.ru/vacancy/52046750?from=vacancy_search_list&hhtmFrom=vacancy_search_list&query=data%20scientist,,,,https://hh.ru
69,Senior data scientist,https://hh.ru/vacancy/49744980?from=vacancy_search_list&hhtmFrom=vacancy_search_list&query=data%20scientist,150000.0,,руб.,https://hh.ru
70,Data Scientist,https://hh.ru/vacancy/50530305?from=vacancy_search_list&hhtmFrom=vacancy_search_list&query=data%20scientist,,,,https://hh.ru
71,ML Engineer/ Data Scientist (WAF),https://hh.ru/vacancy/48285480?from=vacancy_search_list&hhtmFrom=vacancy_search_list&query=data%20scientist,,,,https://hh.ru
72,Data Scientist,https://hh.ru/vacancy/50113406?from=vacancy_search_list&hhtmFrom=vacancy_search_list&query=data%20scientist,,,,https://hh.ru
73,Senior Data Scientist,https://hh.ru/vacancy/52105777?from=vacancy_search_list&hhtmFrom=vacancy_search_list&query=data%20scientist,,,,https://hh.ru
74,Data Scientist,https://hh.ru/vacancy/52046749?from=vacancy_search_list&hhtmFrom=vacancy_search_list&query=data%20scientist,,,,https://hh.ru
75,Data Scientist,https://hh.ru/vacancy/46059292?from=vacancy_search_list&hhtmFrom=vacancy_search_list&query=data%20scientist,,,,https://hh.ru
76,Data Scientist в области рекомендательных систем,https://hh.ru/vacancy/47342740?from=vacancy_search_list&hhtmFrom=vacancy_search_list&query=data%20scientist,,,,https://hh.ru
77,Middle/Senior Data Scientist,https://hh.ru/vacancy/52123235?from=vacancy_search_list&hhtmFrom=vacancy_search_list&query=data%20scientist,,,,https://hh.ru
78,Data scientist,https://hh.ru/vacancy/50329104?from=vacancy_search_list&hhtmFrom=vacancy_search_list&query=data%20scientist,,,,https://hh.ru
79,Senior Research Engineer / Data Scientist,https://hh.ru/vacancy/50996908?from=vacancy_search_list&hhtmFrom=vacancy_search_list&query=data%20scientist,,,,https://hh.ru
80,Data Scientist,https://hh.ru/vacancy/50922463?from=vacancy_search_list&hhtmFrom=vacancy_search_list&query=data%20scientist,,,,https://hh.ru
81,Senior Data scientist (Computer Vision),https://hh.ru/vacancy/47357797?from=vacancy_search_list&hhtmFrom=vacancy_search_list&query=data%20scientist,,,,https://hh.ru
82,Quantitative Research Intern,https://hh.ru/vacancy/49259597?from=vacancy_search_list&hhtmFrom=vacancy_search_list&query=data%20scientist,,,,https://hh.ru
83,Data Scientist,https://hh.ru/vacancy/51774155?from=vacancy_search_list&hhtmFrom=vacancy_search_list&query=data%20scientist,1000.0,3000.0,USD,https://hh.ru
84,Data Engineer (Amber team),https://hh.ru/vacancy/50879799?from=vacancy_search_list&hhtmFrom=vacancy_search_list&query=data%20scientist,250000.0,,руб.,https://hh.ru
85,Data Scientist,https://hh.ru/vacancy/51774166?from=vacancy_search_list&hhtmFrom=vacancy_search_list&query=data%20scientist,1000.0,3000.0,USD,https://hh.ru
86,Data Scientist,https://hh.ru/vacancy/49274814?from=vacancy_search_list&hhtmFrom=vacancy_search_list&query=data%20scientist,,,,https://hh.ru
87,Senior Research Scientist,https://hh.ru/vacancy/52041517?from=vacancy_search_list&hhtmFrom=vacancy_search_list&query=data%20scientist,,,,https://hh.ru
88,Data Scientist (Sberbank Corporate),https://hh.ru/vacancy/51935149?from=vacancy_search_list&hhtmFrom=vacancy_search_list&query=data%20scientist,,,,https://hh.ru
89,Lead Data Scientist,https://hh.ru/vacancy/49642907?from=vacancy_search_list&hhtmFrom=vacancy_search_list&query=data%20scientist,,,,https://hh.ru
90,Data scientist (Marketing),https://hh.ru/vacancy/50707483?from=vacancy_search_list&hhtmFrom=vacancy_search_list&query=data%20scientist,,,,https://hh.ru
91,Data Scientist,https://hh.ru/vacancy/52046757?from=vacancy_search_list&hhtmFrom=vacancy_search_list&query=data%20scientist,,,,https://hh.ru
92,Senior Data Scientist,https://hh.ru/vacancy/48136307?from=vacancy_search_list&hhtmFrom=vacancy_search_list&query=data%20scientist,,,,https://hh.ru
93,Senior Data Scientist (Центр розничного моделирования),https://hh.ru/vacancy/52074419?from=vacancy_search_list&hhtmFrom=vacancy_search_list&query=data%20scientist,,,,https://hh.ru
94,"Data Scientist (NLP, Python data engineering)",https://hh.ru/vacancy/51106151?from=vacancy_search_list&hhtmFrom=vacancy_search_list&query=data%20scientist,,,,https://hh.ru
95,Программист Python / Data Scientist (junior / middle уровень),https://hh.ru/vacancy/51883524?from=vacancy_search_list&hhtmFrom=vacancy_search_list&query=data%20scientist,60000.0,100000.0,руб.,https://hh.ru
96,Руководитель направления data governance,https://hh.ru/vacancy/51990894?from=vacancy_search_list&hhtmFrom=vacancy_search_list&query=data%20scientist,,,,https://hh.ru
97,Data Engineer,https://hh.ru/vacancy/48995237?from=vacancy_search_list&hhtmFrom=vacancy_search_list&query=data%20scientist,,,,https://hh.ru
98,Data Scientist (NLP),https://hh.ru/vacancy/51892385?from=vacancy_search_list&hhtmFrom=vacancy_search_list&query=data%20scientist,120000.0,150000.0,руб.,https://hh.ru
99,Junior Data scientist по разработке моделей оценки кредитного риска для клиентов,https://hh.ru/vacancy/49725181?from=vacancy_search_list&hhtmFrom=vacancy_search_list&query=data%20scientist,,,,https://hh.ru
100,Data Engineer (SQL),https://hh.ru/vacancy/49929584?from=vacancy_search_list&hhtmFrom=vacancy_search_list&query=data%20scientist,,,,https://hh.ru
101,Middle Data Scientist,https://hh.ru/vacancy/51866552?from=vacancy_search_list&hhtmFrom=vacancy_search_list&query=data%20scientist,,,,https://hh.ru
102,"Data Scientist, Поиск",https://hh.ru/vacancy/51804231?from=vacancy_search_list&hhtmFrom=vacancy_search_list&query=data%20scientist,,,,https://hh.ru
103,Lead data scientist,https://hh.ru/vacancy/49970105?from=vacancy_search_list&hhtmFrom=vacancy_search_list&query=data%20scientist,300000.0,,руб.,https://hh.ru
104,Data Scientist,https://hh.ru/vacancy/50108323?from=vacancy_search_list&hhtmFrom=vacancy_search_list&query=data%20scientist,,350000.0,руб.,https://hh.ru
105,Data Scientist,https://hh.ru/vacancy/51789908?from=vacancy_search_list&hhtmFrom=vacancy_search_list&query=data%20scientist,,,,https://hh.ru
106,Power BI Analyst,https://hh.ru/vacancy/51742956?from=vacancy_search_list&hhtmFrom=vacancy_search_list&query=data%20scientist,,,,https://hh.ru
107,Data scientist,https://hh.ru/vacancy/43183814?from=vacancy_search_list&hhtmFrom=vacancy_search_list&query=data%20scientist,,,,https://hh.ru
108,Data Analyst,https://hh.ru/vacancy/51851223?from=vacancy_search_list&hhtmFrom=vacancy_search_list&query=data%20scientist,,,,https://hh.ru
109,"Эксперт/ главный специалист (Data scientist), Управление модельных рисков и валидации",https://hh.ru/vacancy/50986854?from=vacancy_search_list&hhtmFrom=vacancy_search_list&query=data%20scientist,,,,https://hh.ru
110,Аналитик/Data Scientist,https://hh.ru/vacancy/51895906?from=vacancy_search_list&hhtmFrom=vacancy_search_list&query=data%20scientist,,,,https://hh.ru
111,Data scientist,https://hh.ru/vacancy/50752857?from=vacancy_search_list&hhtmFrom=vacancy_search_list&query=data%20scientist,,,,https://hh.ru
112,Data Scientist (SberDevices),https://hh.ru/vacancy/51784863?from=vacancy_search_list&hhtmFrom=vacancy_search_list&query=data%20scientist,,,,https://hh.ru
113,Junior/Middle Data Scientist/ML,https://hh.ru/vacancy/45694394?from=vacancy_search_list&hhtmFrom=vacancy_search_list&query=data%20scientist,,,,https://hh.ru
114,Data Scientist,https://hh.ru/vacancy/48969689?from=vacancy_search_list&hhtmFrom=vacancy_search_list&query=data%20scientist,,,,https://hh.ru
115,Python Developer (BI Team),https://hh.ru/vacancy/50747625?from=vacancy_search_list&hhtmFrom=vacancy_search_list&query=data%20scientist,,,,https://hh.ru
116,ML-инженер/Machine Learning Engineer/Data Scientist,https://hh.ru/vacancy/51722603?from=vacancy_search_list&hhtmFrom=vacancy_search_list&query=data%20scientist,120000.0,,руб.,https://hh.ru
117,Data Scientist / Математик-программист,https://hh.ru/vacancy/50957412?from=vacancy_search_list&hhtmFrom=vacancy_search_list&query=data%20scientist,,,,https://hh.ru
118,Data Engineer (SQL),https://hh.ru/vacancy/49929595?from=vacancy_search_list&hhtmFrom=vacancy_search_list&query=data%20scientist,,,,https://hh.ru
119,Senior Data Scientist,https://hh.ru/vacancy/47498876?from=vacancy_search_list&hhtmFrom=vacancy_search_list&query=data%20scientist,,,,https://hh.ru
120,Data Science Specialist,https://hh.ru/vacancy/51852990?from=vacancy_search_list&hhtmFrom=vacancy_search_list&query=data%20scientist,,,,https://hh.ru
121,Data Scientist (Pricing),https://hh.ru/vacancy/51638097?from=vacancy_search_list&hhtmFrom=vacancy_search_list&query=data%20scientist,,,,https://hh.ru
122,Data Scientist,https://hh.ru/vacancy/49782140?from=vacancy_search_list&hhtmFrom=vacancy_search_list&query=data%20scientist,,,,https://hh.ru
123,Data Scientist в СберМаркет в команду эффективности платформы,https://hh.ru/vacancy/50883997?from=vacancy_search_list&hhtmFrom=vacancy_search_list&query=data%20scientist,,,,https://hh.ru
124,Founding Data scientist / Machine Learning Engineer,https://hh.ru/vacancy/51448522?from=vacancy_search_list&hhtmFrom=vacancy_search_list&query=data%20scientist,500000.0,,руб.,https://hh.ru
125,Senior Data Analyst,https://hh.ru/vacancy/51843684?from=vacancy_search_list&hhtmFrom=vacancy_search_list&query=data%20scientist,,,,https://hh.ru
126,Data Scientist,https://hh.ru/vacancy/51419263?from=vacancy_search_list&hhtmFrom=vacancy_search_list&query=data%20scientist,4000.0,5500.0,EUR,https://hh.ru
127,Data Scientist в СберМаркет [команда поиска],https://hh.ru/vacancy/50883996?from=vacancy_search_list&hhtmFrom=vacancy_search_list&query=data%20scientist,,,,https://hh.ru
128,Data scientist (middle),https://hh.ru/vacancy/51619232?from=vacancy_search_list&hhtmFrom=vacancy_search_list&query=data%20scientist,,,,https://hh.ru
129,Data Engineer (Opportunity 3),https://hh.ru/vacancy/50411527?from=vacancy_search_list&hhtmFrom=vacancy_search_list&query=data%20scientist,,,,https://hh.ru
130,Data Scientist / Аналитик (эконометрическое моделирование),https://hh.ru/vacancy/43822820?from=vacancy_search_list&hhtmFrom=vacancy_search_list&query=data%20scientist,,,,https://hh.ru
131,Data scientist/analyst,https://hh.ru/vacancy/51615453?from=vacancy_search_list&hhtmFrom=vacancy_search_list&query=data%20scientist,,,,https://hh.ru
132,Data Engineer/DevOps,https://hh.ru/vacancy/51968595?from=vacancy_search_list&hhtmFrom=vacancy_search_list&query=data%20scientist,,,,https://hh.ru
133,Data Scientist,https://hh.ru/vacancy/51650129?from=vacancy_search_list&hhtmFrom=vacancy_search_list&query=data%20scientist,,,,https://hh.ru
134,Data scientist,https://hh.ru/vacancy/50236217?from=vacancy_search_list&hhtmFrom=vacancy_search_list&query=data%20scientist,,,,https://hh.ru
135,Data scientist по построению моделей оценки кредитного риска (Big Data),https://hh.ru/vacancy/43366306?from=vacancy_search_list&hhtmFrom=vacancy_search_list&query=data%20scientist,,,,https://hh.ru
136,Data Scientist (направление промышленной разработки библиотеки),https://hh.ru/vacancy/51640899?from=vacancy_search_list&hhtmFrom=vacancy_search_list&query=data%20scientist,,,,https://hh.ru
137,Data Scientist,https://hh.ru/vacancy/50562309?from=vacancy_search_list&hhtmFrom=vacancy_search_list&query=data%20scientist,,,,https://hh.ru
138,Data Scientist в СберМаркет в команду эффективности платформы,https://hh.ru/vacancy/50883995?from=vacancy_search_list&hhtmFrom=vacancy_search_list&query=data%20scientist,,,,https://hh.ru
139,Data Scientist,https://hh.ru/vacancy/50602043?from=vacancy_search_list&hhtmFrom=vacancy_search_list&query=data%20scientist,,,,https://hh.ru
140,Data Scientist (Computer Vision) Middle,https://hh.ru/vacancy/47765653?from=vacancy_search_list&hhtmFrom=vacancy_search_list&query=data%20scientist,180000.0,300000.0,руб.,https://hh.ru
141,Data Scientist NLP,https://hh.ru/vacancy/47844515?from=vacancy_search_list&hhtmFrom=vacancy_search_list&query=data%20scientist,,,,https://hh.ru
142,Data Scientist (remote),https://hh.ru/vacancy/49764583?from=vacancy_search_list&hhtmFrom=vacancy_search_list&query=data%20scientist,,,,https://hh.ru
143,Senior Data Scientist / Старший Аналитик (Эконометрическое моделирование),https://hh.ru/vacancy/49506559?from=vacancy_search_list&hhtmFrom=vacancy_search_list&query=data%20scientist,,,,https://hh.ru
144,Data Scientist,https://hh.ru/vacancy/45570540?from=vacancy_search_list&hhtmFrom=vacancy_search_list&query=data%20scientist,,,,https://hh.ru
145,Senior Data Scientist (NLP),https://hh.ru/vacancy/43658985?from=vacancy_search_list&hhtmFrom=vacancy_search_list&query=data%20scientist,,,,https://hh.ru
146,Data scientist (залоговые процессы),https://hh.ru/vacancy/51341213?from=vacancy_search_list&hhtmFrom=vacancy_search_list&query=data%20scientist,,,,https://hh.ru
147,Data Scientist,https://hh.ru/vacancy/51508621?from=vacancy_search_list&hhtmFrom=vacancy_search_list&query=data%20scientist,,,,https://hh.ru
148,Game Software Engineer (Rapid Prototyping Team),https://hh.ru/vacancy/49553151?from=vacancy_search_list&hhtmFrom=vacancy_search_list&query=data%20scientist,,,,https://hh.ru
149,Game Software Engineer (Rapid Prototyping Team),https://hh.ru/vacancy/48184204?from=vacancy_search_list&hhtmFrom=vacancy_search_list&query=data%20scientist,,,,https://hh.ru
150,Data Scientist,https://hh.ru/vacancy/50638799?from=vacancy_search_list&hhtmFrom=vacancy_search_list&query=data%20scientist,,,,https://hh.ru
151,Data Scientist/Математик,https://hh.ru/vacancy/51340761?from=vacancy_search_list&hhtmFrom=vacancy_search_list&query=data%20scientist,119000.0,,руб.,https://hh.ru
152,Chief Data Scientist Цифровой кредитный мониторинг,https://hh.ru/vacancy/51686727?from=vacancy_search_list&hhtmFrom=vacancy_search_list&query=data%20scientist,,,,https://hh.ru
153,Python developer (R&D),https://hh.ru/vacancy/50715271?from=vacancy_search_list&hhtmFrom=vacancy_search_list&query=data%20scientist,,,,https://hh.ru
154,Python Team Lead,https://hh.ru/vacancy/49162369?from=vacancy_search_list&hhtmFrom=vacancy_search_list&query=data%20scientist,,,,https://hh.ru
155,Digital Marketing & Data Science Professional,https://hh.ru/vacancy/51898090?from=vacancy_search_list&hhtmFrom=vacancy_search_list&query=data%20scientist,,,,https://hh.ru
156,DWH Developer,https://hh.ru/vacancy/51655295?from=vacancy_search_list&hhtmFrom=vacancy_search_list&query=data%20scientist,150000.0,,руб.,https://hh.ru
157,Data scientist (Juniour-Middle),https://hh.ru/vacancy/51439144?from=vacancy_search_list&hhtmFrom=vacancy_search_list&query=data%20scientist,,,,https://hh.ru
158,Data Scientist (Planning),https://hh.ru/vacancy/51286600?from=vacancy_search_list&hhtmFrom=vacancy_search_list&query=data%20scientist,,,,https://hh.ru
159,Аналитик BI,https://hh.ru/vacancy/49774861?from=vacancy_search_list&hhtmFrom=vacancy_search_list&query=data%20scientist,,,,https://hh.ru
160,Middle Data Analyst / Data Scientist,https://hh.ru/vacancy/51540798?from=vacancy_search_list&hhtmFrom=vacancy_search_list&query=data%20scientist,,,,https://hh.ru
161,"Data scientist (проект ""Моменты"")",https://hh.ru/vacancy/47095350?from=vacancy_search_list&hhtmFrom=vacancy_search_list&query=data%20scientist,,,,https://hh.ru
162,Junior Data Scientist,https://hh.ru/vacancy/50993029?from=vacancy_search_list&hhtmFrom=vacancy_search_list&query=data%20scientist,50000.0,100000.0,руб.,https://hh.ru
163,Data Scientist/ML Engineer,https://hh.ru/vacancy/51296795?from=vacancy_search_list&hhtmFrom=vacancy_search_list&query=data%20scientist,,,,https://hh.ru
164,Data scientist (Marketing),https://hh.ru/vacancy/51340187?from=vacancy_search_list&hhtmFrom=vacancy_search_list&query=data%20scientist,,,,https://hh.ru
165,Data scientist,https://hh.ru/vacancy/51390492?from=vacancy_search_list&hhtmFrom=vacancy_search_list&query=data%20scientist,,,,https://hh.ru
166,Senior Data Scientist,https://hh.ru/vacancy/51653444?from=vacancy_search_list&hhtmFrom=vacancy_search_list&query=data%20scientist,,,,https://hh.ru
167,Аналитик данных (Data scientist),https://hh.ru/vacancy/51239177?from=vacancy_search_list&hhtmFrom=vacancy_search_list&query=data%20scientist,,,,https://hh.ru
168,AI Engineer,https://hh.ru/vacancy/46632678?from=vacancy_search_list&hhtmFrom=vacancy_search_list&query=data%20scientist,,,,https://hh.ru
169,Quantitative analyst/Data scientist (ML),https://hh.ru/vacancy/51365842?from=vacancy_search_list&hhtmFrom=vacancy_search_list&query=data%20scientist,,,,https://hh.ru
170,Data Scientist,https://hh.ru/vacancy/51241006?from=vacancy_search_list&hhtmFrom=vacancy_search_list&query=data%20scientist,,,,https://hh.ru
171,ML-инженер/Data Scientist,https://hh.ru/vacancy/51111237?from=vacancy_search_list&hhtmFrom=vacancy_search_list&query=data%20scientist,120000.0,160000.0,руб.,https://hh.ru
172,Аналитик по монетизации (Юла),https://hh.ru/vacancy/48585554?from=vacancy_search_list&hhtmFrom=vacancy_search_list&query=data%20scientist,,,,https://hh.ru
173,Junior Data Scientist,https://hh.ru/vacancy/47205407?from=vacancy_search_list&hhtmFrom=vacancy_search_list&query=data%20scientist,,,,https://hh.ru
174,Middle Data Scientist,https://hh.ru/vacancy/51241002?from=vacancy_search_list&hhtmFrom=vacancy_search_list&query=data%20scientist,,,,https://hh.ru
175,Junior Data Scientist,https://hh.ru/vacancy/50243134?from=vacancy_search_list&hhtmFrom=vacancy_search_list&query=data%20scientist,,,,https://hh.ru
176,ML Engineer/Data Scientist,https://hh.ru/vacancy/48980070?from=vacancy_search_list&hhtmFrom=vacancy_search_list&query=data%20scientist,,,,https://hh.ru
177,Senior Data Scientist,https://hh.ru/vacancy/50897545?from=vacancy_search_list&hhtmFrom=vacancy_search_list&query=data%20scientist,300000.0,450000.0,руб.,https://hh.ru
178,Data Science Team Lead,https://hh.ru/vacancy/51584203?from=vacancy_search_list&hhtmFrom=vacancy_search_list&query=data%20scientist,,,,https://hh.ru
179,Lead Data Scientist,https://hh.ru/vacancy/51422506?from=vacancy_search_list&hhtmFrom=vacancy_search_list&query=data%20scientist,,,,https://hh.ru
180,Data Scientist / ML-инженер (Big Data),https://hh.ru/vacancy/50917519?from=vacancy_search_list&hhtmFrom=vacancy_search_list&query=data%20scientist,,,,https://hh.ru
181,Консультант по машинному обучению (переход в Data Science),https://hh.ru/vacancy/50954566?from=vacancy_search_list&hhtmFrom=vacancy_search_list&query=data%20scientist,,,,https://hh.ru
182,Senior Data scientist,https://hh.ru/vacancy/50477564?from=vacancy_search_list&hhtmFrom=vacancy_search_list&query=data%20scientist,,,,https://hh.ru
183,"Middle Python Developer (ML, Data Scientist)",https://hh.ru/vacancy/51256906?from=vacancy_search_list&hhtmFrom=vacancy_search_list&query=data%20scientist,,,,https://hh.ru
184,Junior Data Scientist,https://hh.ru/vacancy/50928620?from=vacancy_search_list&hhtmFrom=vacancy_search_list&query=data%20scientist,,,,https://hh.ru
185,Аналитик данных (Data scientist),https://hh.ru/vacancy/51239173?from=vacancy_search_list&hhtmFrom=vacancy_search_list&query=data%20scientist,,,,https://hh.ru
186,Системный аналитик/Senior System Analyst,https://hh.ru/vacancy/51713087?from=vacancy_search_list&hhtmFrom=vacancy_search_list&query=data%20scientist,,,,https://hh.ru
187,Data Scientist,https://hh.ru/vacancy/51070215?from=vacancy_search_list&hhtmFrom=vacancy_search_list&query=data%20scientist,,,,https://hh.ru
188,Senior Data Scientist,https://hh.ru/vacancy/50983164?from=vacancy_search_list&hhtmFrom=vacancy_search_list&query=data%20scientist,134800.0,230000.0,руб.,https://hh.ru
189,Data scientist (Team Lead),https://hh.ru/vacancy/51270435?from=vacancy_search_list&hhtmFrom=vacancy_search_list&query=data%20scientist,,,,https://hh.ru
190,Инженер данных/Data engineer,https://hh.ru/vacancy/50530124?from=vacancy_search_list&hhtmFrom=vacancy_search_list&query=data%20scientist,,,,https://hh.ru
191,Data Scientist,https://hh.ru/vacancy/50604612?from=vacancy_search_list&hhtmFrom=vacancy_search_list&query=data%20scientist,,,,https://hh.ru
192,Data Scientist,https://hh.ru/vacancy/50288520?from=vacancy_search_list&hhtmFrom=vacancy_search_list&query=data%20scientist,,,,https://hh.ru
193,Data Scientist (NLP),https://hh.ru/vacancy/51003574?from=vacancy_search_list&hhtmFrom=vacancy_search_list&query=data%20scientist,,,,https://hh.ru
194,Senior Data Scientist,https://hh.ru/vacancy/50661126?from=vacancy_search_list&hhtmFrom=vacancy_search_list&query=data%20scientist,,,,https://hh.ru
195,Data Scientist,https://hh.ru/vacancy/51204198?from=vacancy_search_list&hhtmFrom=vacancy_search_list&query=data%20scientist,,,,https://hh.ru
196,Senior Data Scientist/ML Engineer SberDevices,https://hh.ru/vacancy/46688716?from=vacancy_search_list&hhtmFrom=vacancy_search_list&query=data%20scientist,,,,https://hh.ru
197,Специалист по машинному обучению / Data Scientist (FinTech),https://hh.ru/vacancy/51328744?from=vacancy_search_list&hhtmFrom=vacancy_search_list&query=data%20scientist,100000.0,,руб.,https://hh.ru
198,Разработчик-аналитик / Middle Data Scientist,https://hh.ru/vacancy/51017375?from=vacancy_search_list&hhtmFrom=vacancy_search_list&query=data%20scientist,,,,https://hh.ru
199,Senior Data Scientist,https://hh.ru/vacancy/49462557?from=vacancy_search_list&hhtmFrom=vacancy_search_list&query=data%20scientist,,350000.0,руб.,https://hh.ru
200,Data Scientist,https://hh.ru/vacancy/51160989?from=vacancy_search_list&hhtmFrom=vacancy_search_list&query=data%20scientist,,,,https://hh.ru
201,Data scientist,https://hh.ru/vacancy/50439196?from=vacancy_search_list&hhtmFrom=vacancy_search_list&query=data%20scientist,,,,https://hh.ru
202,"Аналитик управления ""Клиент 360"" (Data scientist)",https://hh.ru/vacancy/49442989?from=vacancy_search_list&hhtmFrom=vacancy_search_list&query=data%20scientist,,,,https://hh.ru
203,Data Scientist,https://hh.ru/vacancy/51160990?from=vacancy_search_list&hhtmFrom=vacancy_search_list&query=data%20scientist,,,,https://hh.ru
204,ML разработчик / Data Scientist,https://hh.ru/vacancy/51050804?from=vacancy_search_list&hhtmFrom=vacancy_search_list&query=data%20scientist,,,,https://hh.ru
205,Machine Learning Developer (ML Remote),https://hh.ru/vacancy/51627972?from=vacancy_search_list&hhtmFrom=vacancy_search_list&query=data%20scientist,1000.0,,USD,https://hh.ru
206,Data Scientist,https://hh.ru/vacancy/49511674?from=vacancy_search_list&hhtmFrom=vacancy_search_list&query=data%20scientist,,,,https://hh.ru
207,Data Scientist,https://hh.ru/vacancy/50863427?from=vacancy_search_list&hhtmFrom=vacancy_search_list&query=data%20scientist,,,,https://hh.ru
208,Lead Data Scientist,https://hh.ru/vacancy/42493107?from=vacancy_search_list&hhtmFrom=vacancy_search_list&query=data%20scientist,,500000.0,руб.,https://hh.ru
209,Аналитик (эконометрическое моделирование) / Data scientist,https://hh.ru/vacancy/50943243?from=vacancy_search_list&hhtmFrom=vacancy_search_list&query=data%20scientist,150000.0,230000.0,руб.,https://hh.ru
210,Lead Data Scientist,https://hh.ru/vacancy/51422507?from=vacancy_search_list&hhtmFrom=vacancy_search_list&query=data%20scientist,,,,https://hh.ru
211,Middle\Senior Data Scientist,https://hh.ru/vacancy/51313596?from=vacancy_search_list&hhtmFrom=vacancy_search_list&query=data%20scientist,,,,https://hh.ru
212,Data Scientist,https://hh.ru/vacancy/50464275?from=vacancy_search_list&hhtmFrom=vacancy_search_list&query=data%20scientist,,,,https://hh.ru
213,Lead Data Scientist,https://hh.ru/vacancy/51422505?from=vacancy_search_list&hhtmFrom=vacancy_search_list&query=data%20scientist,,,,https://hh.ru
214,Системный аналитик/Senior System Analyst,https://hh.ru/vacancy/51713089?from=vacancy_search_list&hhtmFrom=vacancy_search_list&query=data%20scientist,,,,https://hh.ru
215,Team Lead Data Scientist,https://hh.ru/vacancy/51011749?from=vacancy_search_list&hhtmFrom=vacancy_search_list&query=data%20scientist,,,,https://hh.ru
216,Junior Data Scientist,https://hh.ru/vacancy/51000491?from=vacancy_search_list&hhtmFrom=vacancy_search_list&query=data%20scientist,,,,https://hh.ru
217,Data Scientist (Аналитик) БЕЗ ОПЫТА РАБОТЫ,https://hh.ru/vacancy/48568125?from=vacancy_search_list&hhtmFrom=vacancy_search_list&query=data%20scientist,,,,https://hh.ru
218,Инженер программист ML / Data Scientist,https://hh.ru/vacancy/49758302?from=vacancy_search_list&hhtmFrom=vacancy_search_list&query=data%20scientist,70000.0,90000.0,руб.,https://hh.ru
219,Senior data scientist,https://hh.ru/vacancy/50875599?from=vacancy_search_list&hhtmFrom=vacancy_search_list&query=data%20scientist,,,,https://hh.ru
220,Senior Data Scientist в NLP лабораторию,https://hh.ru/vacancy/50886287?from=vacancy_search_list&hhtmFrom=vacancy_search_list&query=data%20scientist,,,,https://hh.ru
221,"Ведущий аналитик/Senior data Scientist/Data Analyst (Machine learning, ML, нейронные сети)",https://hh.ru/vacancy/50981618?from=vacancy_search_list&hhtmFrom=vacancy_search_list&query=data%20scientist,,,,https://hh.ru
222,Преподаватель по Data Science (Machine Learning),https://hh.ru/vacancy/51334447?from=vacancy_search_list&hhtmFrom=vacancy_search_list&query=data%20scientist,,,,https://hh.ru
223,Data-scientist / Anti-fraud / Scorecard developer,https://hh.ru/vacancy/50187920?from=vacancy_search_list&hhtmFrom=vacancy_search_list&query=data%20scientist,,,,https://hh.ru
224,Techlead data scientist,https://hh.ru/vacancy/47948614?from=vacancy_search_list&hhtmFrom=vacancy_search_list&query=data%20scientist,350000.0,,руб.,https://hh.ru
225,Data Engineer,https://hh.ru/vacancy/50893102?from=vacancy_search_list&hhtmFrom=vacancy_search_list&query=data%20scientist,,,,https://hh.ru
226,"Team Lead Data Scientist (RecSys, NLP, CV)",https://hh.ru/vacancy/50912955?from=vacancy_search_list&hhtmFrom=vacancy_search_list&query=data%20scientist,,,,https://hh.ru
227,Senior Data Scientist в Лабораторию речевых технологий,https://hh.ru/vacancy/48531086?from=vacancy_search_list&hhtmFrom=vacancy_search_list&query=data%20scientist,,,,https://hh.ru
228,Middle/Senior Data Scientist в команду Data Science Блока «Сеть продаж»,https://hh.ru/vacancy/49004116?from=vacancy_search_list&hhtmFrom=vacancy_search_list&query=data%20scientist,,,,https://hh.ru
229,Data Scientist (Market Research & Analytics),https://hh.ru/vacancy/50873898?from=vacancy_search_list&hhtmFrom=vacancy_search_list&query=data%20scientist,,,,https://hh.ru
230,Senior Quantitative Researcher (Cyprus/remote),https://hh.ru/vacancy/51370419?from=vacancy_search_list&hhtmFrom=vacancy_search_list&query=data%20scientist,,,,https://hh.ru
231,Data Scientist в команду CVM AI,https://hh.ru/vacancy/50760976?from=vacancy_search_list&hhtmFrom=vacancy_search_list&query=data%20scientist,,,,https://hh.ru
232,Data Scientist (Python-developer),https://hh.ru/vacancy/50825548?from=vacancy_search_list&hhtmFrom=vacancy_search_list&query=data%20scientist,50000.0,150000.0,руб.,https://hh.ru
233,Data scientist,https://hh.ru/vacancy/48816726?from=vacancy_search_list&hhtmFrom=vacancy_search_list&query=data%20scientist,,,,https://hh.ru
234,Data Engineer,https://hh.ru/vacancy/49529154?from=vacancy_search_list&hhtmFrom=vacancy_search_list&query=data%20scientist,,,,https://hh.ru
235,Data Scientist (контроль качества операционных процессов),https://hh.ru/vacancy/48280980?from=vacancy_search_list&hhtmFrom=vacancy_search_list&query=data%20scientist,,,,https://hh.ru
236,Data scientist,https://hh.ru/vacancy/51227936?from=vacancy_search_list&hhtmFrom=vacancy_search_list&query=data%20scientist,,,,https://hh.ru
237,Senior Data Scientist в Лабораторию речевых технологий,https://hh.ru/vacancy/48531085?from=vacancy_search_list&hhtmFrom=vacancy_search_list&query=data%20scientist,,,,https://hh.ru
238,Research Engineer / Data Scientist,https://hh.ru/vacancy/50072394?from=vacancy_search_list&hhtmFrom=vacancy_search_list&query=data%20scientist,,,,https://hh.ru
239,Data Scientist,https://hh.ru/vacancy/48883994?from=vacancy_search_list&hhtmFrom=vacancy_search_list&query=data%20scientist,,,,https://hh.ru
240,Стажер Data Scientist,https://hh.ru/vacancy/51808940?from=vacancy_search_list&hhtmFrom=vacancy_search_list&query=data%20scientist,,,,https://hh.ru
241,Junior data scientist,https://hh.ru/vacancy/50930766?from=vacancy_search_list&hhtmFrom=vacancy_search_list&query=data%20scientist,,,,https://hh.ru
242,Data Scientist,https://hh.ru/vacancy/50939472?from=vacancy_search_list&hhtmFrom=vacancy_search_list&query=data%20scientist,,,,https://hh.ru
243,Аналитик BI,https://hh.ru/vacancy/52074173?from=vacancy_search_list&hhtmFrom=vacancy_search_list&query=data%20scientist,,170000.0,руб.,https://hh.ru
244,Python developer,https://hh.ru/vacancy/48641191?from=vacancy_search_list&hhtmFrom=vacancy_search_list&query=data%20scientist,,,,https://hh.ru
245,Game Software Engineer (Rapid Prototyping Team),https://hh.ru/vacancy/49553150?from=vacancy_search_list&hhtmFrom=vacancy_search_list&query=data%20scientist,,,,https://hh.ru
246,Senior Python разработчик,https://hh.ru/vacancy/51349355?from=vacancy_search_list&hhtmFrom=vacancy_search_list&query=data%20scientist,,,,https://hh.ru
247,Аналитик данных,https://hh.ru/vacancy/51627402?from=vacancy_search_list&hhtmFrom=vacancy_search_list&query=data%20scientist,,,,https://hh.ru
248,Инженер баз данных / Data engineer,https://hh.ru/vacancy/50928153?from=vacancy_search_list&hhtmFrom=vacancy_search_list&query=data%20scientist,,,,https://hh.ru
249,Старший аналитик,https://hh.ru/vacancy/50923921?from=vacancy_search_list&hhtmFrom=vacancy_search_list&query=data%20scientist,,,,https://hh.ru
250,Java Senior Developer,https://hh.ru/vacancy/51224683?from=vacancy_search_list&hhtmFrom=vacancy_search_list&query=data%20scientist,5000.0,6000.0,USD,https://hh.ru
251,Инженер данных / DE (удалённо),https://hh.ru/vacancy/51836093?from=vacancy_search_list&hhtmFrom=vacancy_search_list&query=data%20scientist,,,,https://hh.ru
252,Devops Engineer Hadoop (удаленно),https://hh.ru/vacancy/51622045?from=vacancy_search_list&hhtmFrom=vacancy_search_list&query=data%20scientist,,,,https://hh.ru
253,Senior Product Designer SIT Alemira,https://hh.ru/vacancy/47532045?from=vacancy_search_list&hhtmFrom=vacancy_search_list&query=data%20scientist,,,,https://hh.ru
254,Business Analyst (ERP),https://hh.ru/vacancy/51355680?from=vacancy_search_list&hhtmFrom=vacancy_search_list&query=data%20scientist,,,,https://hh.ru
255,"Python/Django Web Developer (H1B,USA)",https://hh.ru/vacancy/50807433?from=vacancy_search_list&hhtmFrom=vacancy_search_list&query=data%20scientist,,,,https://hh.ru
256,Проджект-менеджер / Системный аналитик в ИТ-продукт,https://hh.ru/vacancy/52116434?from=vacancy_search_list&hhtmFrom=vacancy_search_list&query=data%20scientist,,,,https://hh.ru
257,"C++ Programmer (Software Developer (H1B, USA))",https://hh.ru/vacancy/50807430?from=vacancy_search_list&hhtmFrom=vacancy_search_list&query=data%20scientist,,,,https://hh.ru
258,Senior Project Manager,https://hh.ru/vacancy/48202715?from=vacancy_search_list&hhtmFrom=vacancy_search_list&query=data%20scientist,200000.0,300000.0,руб.,https://hh.ru
259,Портфельный риск-менеджер (удаленно),https://hh.ru/vacancy/50729443?from=vacancy_search_list&hhtmFrom=vacancy_search_list&query=data%20scientist,,,,https://hh.ru
260,"Риск-аналитик (антифрод, верификация, коллекшн)",https://hh.ru/vacancy/52006388?from=vacancy_search_list&hhtmFrom=vacancy_search_list&query=data%20scientist,,,,https://hh.ru
261,"Риск-аналитик (антифрод, верификация, коллекшн)",https://hh.ru/vacancy/52006397?from=vacancy_search_list&hhtmFrom=vacancy_search_list&query=data%20scientist,,,,https://hh.ru
262,"Риск-аналитик (антифрод, верификация, коллекшн)",https://hh.ru/vacancy/52006400?from=vacancy_search_list&hhtmFrom=vacancy_search_list&query=data%20scientist,,,,https://hh.ru
263,"Риск-аналитик (антифрод, верификация, коллекшн)",https://hh.ru/vacancy/52006390?from=vacancy_search_list&hhtmFrom=vacancy_search_list&query=data%20scientist,,,,https://hh.ru
264,"Риск-аналитик (антифрод, верификация, коллекшн)",https://hh.ru/vacancy/52006404?from=vacancy_search_list&hhtmFrom=vacancy_search_list&query=data%20scientist,,,,https://hh.ru
265,"Риск-аналитик (антифрод, верификация, коллекшн)",https://hh.ru/vacancy/52006403?from=vacancy_search_list&hhtmFrom=vacancy_search_list&query=data%20scientist,,,,https://hh.ru
266,"Риск-аналитик (антифрод, верификация, коллекшн)",https://hh.ru/vacancy/52006401?from=vacancy_search_list&hhtmFrom=vacancy_search_list&query=data%20scientist,,,,https://hh.ru
267,"Риск-аналитик (антифрод, верификация, коллекшн)",https://hh.ru/vacancy/52006396?from=vacancy_search_list&hhtmFrom=vacancy_search_list&query=data%20scientist,,,,https://hh.ru
268,Специалист 1C,https://hh.ru/vacancy/48804902?from=vacancy_search_list&hhtmFrom=vacancy_search_list&query=data%20scientist,,,,https://hh.ru
269,Java developer,https://hh.ru/vacancy/51408780?from=vacancy_search_list&hhtmFrom=vacancy_search_list&query=data%20scientist,,,,https://hh.ru
270,IT рекрутер,https://hh.ru/vacancy/49759419?from=vacancy_search_list&hhtmFrom=vacancy_search_list&query=data%20scientist,80000.0,130000.0,руб.,https://hh.ru
271,IT рекрутер,https://hh.ru/vacancy/48526485?from=vacancy_search_list&hhtmFrom=vacancy_search_list&query=data%20scientist,80000.0,120000.0,руб.,https://hh.ru
272,Senior Python разработчик (МЦТП),https://hh.ru/vacancy/51969717?from=vacancy_search_list&hhtmFrom=vacancy_search_list&query=data%20scientist,,,,https://hh.ru
273,Biomedical Researcher in software testing,https://hh.ru/vacancy/51968676?from=vacancy_search_list&hhtmFrom=vacancy_search_list&query=data%20scientist,,,,https://hh.ru
274,Старший аналитик Отдел развития хранилищ данных,https://hh.ru/vacancy/51789481?from=vacancy_search_list&hhtmFrom=vacancy_search_list&query=data%20scientist,,,,https://hh.ru
275,Biomedical Researcher in software testing,https://hh.ru/vacancy/51968681?from=vacancy_search_list&hhtmFrom=vacancy_search_list&query=data%20scientist,,,,https://hh.ru
276,Biomedical Researcher in software testing,https://hh.ru/vacancy/51968678?from=vacancy_search_list&hhtmFrom=vacancy_search_list&query=data%20scientist,,,,https://hh.ru
277,Biomedical Researcher in software testing,https://hh.ru/vacancy/51968680?from=vacancy_search_list&hhtmFrom=vacancy_search_list&query=data%20scientist,,,,https://hh.ru
278,Biomedical Researcher in software testing,https://hh.ru/vacancy/51968677?from=vacancy_search_list&hhtmFrom=vacancy_search_list&query=data%20scientist,,,,https://hh.ru
279,Biomedical Researcher in software testing,https://hh.ru/vacancy/51968679?from=vacancy_search_list&hhtmFrom=vacancy_search_list&query=data%20scientist,,,,https://hh.ru
280,Product manager - Delivery B2B,https://hh.ru/vacancy/50197587?from=vacancy_search_list&hhtmFrom=vacancy_search_list&query=data%20scientist,,,,https://hh.ru
281,DevOps/Инфраструктурный инженер,https://hh.ru/vacancy/51727342?from=vacancy_search_list&hhtmFrom=vacancy_search_list&query=data%20scientist,,,,https://hh.ru
282,Лидер кластера «Data Services» Трайба Трансформации инвестиционного бизнеса CIB,https://hh.ru/vacancy/51661742?from=vacancy_search_list&hhtmFrom=vacancy_search_list&query=data%20scientist,,,,https://hh.ru
283,Python Developer (SPACE),https://hh.ru/vacancy/48643384?from=vacancy_search_list&hhtmFrom=vacancy_search_list&query=data%20scientist,,,,https://hh.ru
284,Python Developer (Space),https://hh.ru/vacancy/51621972?from=vacancy_search_list&hhtmFrom=vacancy_search_list&query=data%20scientist,,,,https://hh.ru
285,PowerBi/Business Intelligence Analyst,https://hh.ru/vacancy/44434198?from=vacancy_search_list&hhtmFrom=vacancy_search_list&query=data%20scientist,,,,https://hh.ru
286,Управляющий директор\ Директор Data Scientist,https://hh.ru/vacancy/45978404?from=vacancy_search_list&hhtmFrom=vacancy_search_list&query=data%20scientist,,,,https://hh.ru
287,Системный аналитик (Helicopter),https://hh.ru/vacancy/50116520?from=vacancy_search_list&hhtmFrom=vacancy_search_list&query=data%20scientist,,,,https://hh.ru
288,Системный аналитик (Helicopter),https://hh.ru/vacancy/50116521?from=vacancy_search_list&hhtmFrom=vacancy_search_list&query=data%20scientist,,,,https://hh.ru
289,Java разработчик (команда SafeData),https://hh.ru/vacancy/51625720?from=vacancy_search_list&hhtmFrom=vacancy_search_list&query=data%20scientist,,,,https://hh.ru
290,Clinical eco-system partner,https://hh.ru/vacancy/50135804?from=vacancy_search_list&hhtmFrom=vacancy_search_list&query=data%20scientist,,,,https://hh.ru
291,People Experience Leader,https://hh.ru/vacancy/50548131?from=vacancy_search_list&hhtmFrom=vacancy_search_list&query=data%20scientist,,,,https://hh.ru
292,Технический руководитель проектов,https://hh.ru/vacancy/51657032?from=vacancy_search_list&hhtmFrom=vacancy_search_list&query=data%20scientist,,,,https://hh.ru
293,Front-end разработчик,https://hh.ru/vacancy/50606499?from=vacancy_search_list&hhtmFrom=vacancy_search_list&query=data%20scientist,,,,https://hh.ru
294,Java разработчик (Hadoop),https://hh.ru/vacancy/49114598?from=vacancy_search_list&hhtmFrom=vacancy_search_list&query=data%20scientist,,,,https://hh.ru
295,Руководитель отдела ранжирования (на проект Рекомендации),https://hh.ru/vacancy/51613080?from=vacancy_search_list&hhtmFrom=vacancy_search_list&query=data%20scientist,,,,https://hh.ru
296,Руководитель направления по аналитике данных,https://hh.ru/vacancy/51510634?from=vacancy_search_list&hhtmFrom=vacancy_search_list&query=data%20scientist,,,,https://hh.ru
297,Ведущий аналитик данных,https://hh.ru/vacancy/48537190?from=vacancy_search_list&hhtmFrom=vacancy_search_list&query=data%20scientist,,,,https://hh.ru
298,Team Lead,https://hh.ru/vacancy/51453955?from=vacancy_search_list&hhtmFrom=vacancy_search_list&query=data%20scientist,200000.0,300000.0,руб.,https://hh.ru
299,C# developer,https://hh.ru/vacancy/51467702?from=vacancy_search_list&hhtmFrom=vacancy_search_list&query=data%20scientist,3000.0,4000.0,USD,https://hh.ru
300,Администратор - эксперт 2-й линии сопровождения,https://hh.ru/vacancy/51171802?from=vacancy_search_list&hhtmFrom=vacancy_search_list&query=data%20scientist,,,,https://hh.ru
301,"Frontend-разработчик (Angular, удалённо)",https://hh.ru/vacancy/51145723?from=vacancy_search_list&hhtmFrom=vacancy_search_list&query=data%20scientist,160000.0,,руб.,https://hh.ru
302,DWH\ETL Team lead (Начальник отдела),https://hh.ru/vacancy/51107859?from=vacancy_search_list&hhtmFrom=vacancy_search_list&query=data%20scientist,,,,https://hh.ru
303,Python Training Developer (SPACE),https://hh.ru/vacancy/51102858?from=vacancy_search_list&hhtmFrom=vacancy_search_list&query=data%20scientist,,,,https://hh.ru
304,Python Developer (Remote),https://hh.ru/vacancy/51062473?from=vacancy_search_list&hhtmFrom=vacancy_search_list&query=data%20scientist,,,,https://hh.ru
305,Python Developer (Remote),https://hh.ru/vacancy/51062474?from=vacancy_search_list&hhtmFrom=vacancy_search_list&query=data%20scientist,,,,https://hh.ru
306,Frontend Kotlin Developer (Datalore),https://hh.ru/vacancy/50366435?from=vacancy_search_list&hhtmFrom=vacancy_search_list&query=data%20scientist,220000.0,,руб.,https://hh.ru
307,Frontend Kotlin Developer (Datalore),https://hh.ru/vacancy/50366447?from=vacancy_search_list&hhtmFrom=vacancy_search_list&query=data%20scientist,200000.0,,руб.,https://hh.ru
308,Frontend Kotlin Developer (Datalore),https://hh.ru/vacancy/50366428?from=vacancy_search_list&hhtmFrom=vacancy_search_list&query=data%20scientist,220000.0,,руб.,https://hh.ru
309,Product Owner в команду «Early Warning System»,https://hh.ru/vacancy/50240197?from=vacancy_search_list&hhtmFrom=vacancy_search_list&query=data%20scientist,,,,https://hh.ru
310,Senior QA Engineer (automation),https://hh.ru/vacancy/48056689?from=vacancy_search_list&hhtmFrom=vacancy_search_list&query=data%20scientist,,,,https://hh.ru
311,Technical writer (SPACE),https://hh.ru/vacancy/48643181?from=vacancy_search_list&hhtmFrom=vacancy_search_list&query=data%20scientist,,,,https://hh.ru
312,Technical writer (SPACE),https://hh.ru/vacancy/48643180?from=vacancy_search_list&hhtmFrom=vacancy_search_list&query=data%20scientist,,,,https://hh.ru
313,IT Recruiter,https://hh.ru/vacancy/50712783?from=vacancy_search_list&hhtmFrom=vacancy_search_list&query=data%20scientist,,,,https://hh.ru
314,Technical writer (SPACE),https://hh.ru/vacancy/48359595?from=vacancy_search_list&hhtmFrom=vacancy_search_list&query=data%20scientist,,,,https://hh.ru
315,IT Recruiter (Middle/ Senior),https://hh.ru/vacancy/49465100?from=vacancy_search_list&hhtmFrom=vacancy_search_list&query=data%20scientist,,,,https://hh.ru
316,"Client Consultant (market research, FMCG sector)",https://hh.ru/vacancy/51001607?from=vacancy_search_list&hhtmFrom=vacancy_search_list&query=data%20scientist,,,,https://hh.ru
317,Администратор – эксперт 2-й линии сопровождения (SberData),https://hh.ru/vacancy/51018066?from=vacancy_search_list&hhtmFrom=vacancy_search_list&query=data%20scientist,,,,https://hh.ru
318,Системный аналитик (проекты в сфере Data Science),https://hh.ru/vacancy/50943417?from=vacancy_search_list&hhtmFrom=vacancy_search_list&query=data%20scientist,,,,https://hh.ru
319,Front-end разработчик (кибербезопасность),https://hh.ru/vacancy/50992645?from=vacancy_search_list&hhtmFrom=vacancy_search_list&query=data%20scientist,,,,https://hh.ru
